Name,Still active,Link,Organization,Year established,Linked to GST,Description,Topic,Scale (Geographic Aggregation/Actors),Geographies Included,Visualization type,Target audience
1.5°C National Pathway Explorer,Yes,http://1p5ndc-pathways.climateanalytics.org/,Climate Analytics,2008,No,This tool shows how a selection of 64 countries across all regions and the development spectrum can align their decarbonisation trajectories with the Paris Agreement.,Mitigation,"Regional,Country",Bangladesh China India Japan Malaysia Myanmar Nepal New Zeland Pakistan Philippines Singapore South Korea Thailand Viet Nam Indonesia Argentina Chile Columbia Costa Rica Ecuador Mexico Peru Botswana Cameroon Democratic Republic of the Congo Egypt Ethiopia Kenya Morocco Mozambique Nigeria Saudi Arabia Senegal South Africa Tanzania United Arab Emirates Zimbabwe Canada United States European Union France Germany Norway Poland Switzerland Turkey United Kingdom Russia Ukraine,"Interactive Charts, Report","Government ministries, Advocacy organizations/NGOs, General Public"
Adaptation Map,Yes,https://adaptationmap.climateanalytics.org/,Climate Analytics,2008,No,Overview of adaptation actions that have been taken by 11 countries in West Africa and the Member States of the Caribbean Community since 2010.,"Adaptation, Policy",Country,Antigua and Barbuda Benin Burkina Faso Bahamas Belize Barbados Dominica Guinea Gambia Guinea-Bissau Grenada Guyana Haiti Jamaica Saint Kitts and Nevis Liberia Saint Lucia Mali Montserrat Niger Regional Senegal Sierra Leone Suriname Togo Trinidad and Tobago Saint Vincent and the Grenadines,"Interactive Maps, Report","Government ministries, Advocacy organizations/NGOs, General Public"
Adaptation Fund,Yes,https://www.adaptation-fund.org/,Adaptation Fund,2010,No,The Adaptation Fund finances projects and programmes that help vulnerable communities in developing countries adapt to climate change. ,"Adaptation, Equity, Finance","Regional, Country, Non-state actor",Various,"Interactive Maps, Report","Government ministries, Cities, Investors, Advocacy organizations/NGOs"
C-ROADS,Yes,https://www.climateinteractive.org/c-roads/,Climate Interactive,2005,No,C-ROADS helps people understand the long-term climate impacts of national and regional greenhouse gas emission reductions at the global level.,Mitigation,"Global,Regional",All,Interactive Charts,"Government ministries, Advocacy organizations/NGOs, General public, Cities, Corporate, Media/journalists, Investors"
Climate Action Tracker,Yes,https://climateactiontracker.org/,"Climate Analytics, NewClimate Institute, Institute for Essential Services Reform (IESR), The Potsdam Institute for Climate Impact Research (PIK) ",2009,Yes,The Climate Action Tracker (CAT) tracks progress towards the globally agreed aim of holding warming well below 2°C and efforts to limit warming to 1.5°C.,"Mitigation, Policy","Global, Country, Regional",Islamic Republic of Iran Russian Federation Singapore Thailand Turkey Viet Nam Argentina Canada China Colombia Egypt India Indonesia Mexico New Zealand Saudi Arabia South Korea United Arab Emirates Australia Brazil Chile European Union Germany Japan Kazakhstan Peru South Africa Switzerland United States Costa Rica Ethiopia Kenya Morocco Nepal Nigeria Norway The Gambia United Kingdom,"Interactive Charts, Interactive Maps, Report, Raw Data",Government ministries
ND-GAIN,Yes,https://gain.nd.edu/,Notre Dame Environmental Change Initiative,2013,No,ND-GAIN’s tool measures 181 countries on their climate risk and readiness to successfully adapt.,"Impacts, Adaptation","Country, City",All,"Interactive Charts, Interactive Maps, Raw Data, Report","Government ministries, Academic, Cities, Corporate, Media/journalists, Advocacy organizations/NGOs, Investors, General Public"
UNEP Pledge Pipeline,Yes,https://www.unep.org/explore-topics/climate-action/what-we-do/mitigation/pledge-pipeline,United Nations Environment Program,1972,No,The UNEP Pledge Pipeline tracks GHG emissions reductions pledged by each countries' Nationally Determined Contributions (INDCs/NDCs) that are submitted to the UNFCCC.,Mitigation,"Country, Global",All,Raw Data,Government ministries
Science Based Targets Initiative (SBTi) Progress Data Dashboard,Yes,https://sciencebasedtargets.org/reports/sbti-progress-report-2021/progress-data-dashboard#datadashboard,Science Based Targets Initiative (SBTi) ,2020,No,The Science Based Targets initiative (SBTi) provides the knowledge necessary to enable organizations to set science-based emissions reduction targets.,"Mitigation, Energy, Forest & Agriculture",Business,All,"Raw Data, Interactive Charts, Report",Corporate
Cal-Adapt,Yes,https://cal-adapt.org/,"Geospatial Innovation Facility (GIF), California Energy Commission (CEC)",2011,No,Cal-Adapt provides a way to explore peer-reviewed data that portrays how climate change might affect California at the state and local level. ,Impacts,State,California,"Interactive Charts, Interactive Maps, Raw Data","Government ministries, Cities, Corporate, Advocacy organizations/NGOs, Academic, General public"
ClimateWorks Tracker,Yes,https://cti.climateworks.org/tracking/,ClimateWorks Foundation,2008,No,The Carbon Tracker dashboard enables users to track the decarbonization progress  of the major emitters over time.,Mitigation,"Country, Regional","United States, Mexico, European Union, China, India","Interactive Charts, Interactive Maps, Raw Data","Government ministries, Cities, Corporate, Investors, Academic, General public"
Climate Chance Cartography,Yes,https://www.climate-chance.org/en/getinformed/cartography-for-action/,Climate Chance Association,2015,No,"Tracker for all the climate initiatives carried out at the global level by non-state actors, identified by Climate Chance.",Adaptation,"Non-state actor, Country",All,"Interactive Maps, Report","Advocacy organizations/NGOs, General public"
CEOS GST Portal,Yes,https://ceos.org/gst/,Committee on Earth Observation Satelites,1984,Yes,"A collection of datasets, resources, and guidance to support the Global Stocktake process of the Paris Climate Agreement.","Mitigation, Forest & Agriculture","Global, Geospatial data",All,"Raw Data, Report (Static), Resource aggregator",Government ministries
Climate Change Laws of the World,Yes,https://climate-laws.org/,"Grantham Research Institute on Climate Change and the Environment, Sabin Center for Climate Change Law",2008,No,"This database covers climate and related laws and laws and policies that promote low carbon transitions relevant to areas like energy, transport, land use, and climate resilience.",Policy,"Country, Region",Various,"Report (Static), Interactive Maps","Government ministries, Corporate, General public"
Climate Change Performance Index (CCPI),Yes,https://ccpi.org/ranking/,"Germanwatch, NewClimate Institute, Climate Action Network (CAN)",2005,No,"The CCPI tracks 60 countries and the EU's climate action performance by modeling GHG emmissions, energy use, and climate policy efforts.","Policy, Mitigation, Energy","County, Regional",Various,"Interactive Charts, Interactive Maps, Report","Academic, Government ministries, General public"
RegioClim ,No,https://regioclim.climateanalytics.org/,Climate Analytics,2008,No,Tool used to facilitate the access to state of the art regional climate projections by constraining the information to some basic graphics that can easily be interpreted and reused for reports involving climate change.,Impacts,Country,"Central African Republic Angola Burundi Benin Burkina Faso Botswana Côte d'Ivoire Cameroon Congo, The Democratic Republic of the Congo Comoros Cabo Verde Diibouti Algeria Egypt Eritrea Western Sahara Ethiopia Gabon Ghana Guinea Gambia Guinea-Bissau Equatorial Guinea Kenya Liberia, Lesotho, Morocco Madagascar Mali Mozambique Mauritania Mauritius Malawi Namibia Niger Nigeria Rwanda Sudan Senegal Sierra Leone Somalia South Sudan Sao Tome and Principe Swaziland Seychelles Chad Togo Tunisia Tanzania, United Republic of Uganda South Africa Zambia Zimbabwe","Report (Static), Interactive Charts","Government ministries, Corporate, Advocacy organizations/NGOs, General public"
Climate Central,Yes,https://www.climatecentral.org/resources?page=1&tab=tools,Climate Central,2008,No,"Climate Central uses science, big data, and technology to generate local storylines and compelling visuals that make climate change personal and show what can be done about it.","Impacts, Equity","Global, Country, City",All,"Interactive Charts, Interactive Maps, Reports","General public, Media/journalists, Corporate"
Climate Impact Lab,Yes,https://impactlab.org/,"Rhodium Group, University of California, Berkeley, Energy Policy Institute (EPIC) at the University of Chicago, Rutgers University.",2017,No,"The Climate Impact Lab has a comprehensive body of research quantifying the impacts of climate change, sector-by-sector and community-by-community around the world.","Impacts, Energy, Mitigation, Forest & Agriculture, Adaptation & Resilience, Equity",Global,All,"Interactive Maps, Report","Corporate, Advocacy organizations/NGOs, Investors, Academic, General public, Government ministries, Cities"
CDP Open Data Portal,Yes,https://data.cdp.net/,Carbon Disclosure Project,2000,No,"Collection of datasets going as far back as 2011 on climate-related risks and opportunities, emissions, mitigation, adaptation, energy, and water in cities, states, and regions worldwide. ","Adaptation, Mitigation, Impact, Energy, Forest & Agriculture, Finance","Regional, State, City, Business, Non-state actor, Asset-level",Various,"Raw Data, Interactive Maps, Report","Government ministries, Cities, Corporate, Advocacy organizations/NGOs, Investors, General public"
Climate Change Knowledge Portal (CCKP),Yes,https://climateknowledgeportal.worldbank.org/,World Bank Group (WBG),2011,No,"The Portal provides access to comprehensive global, regional, and country data related to climate change and development.",Impacts,Country,All,"Report, Interactive Maps, Interactive Charts, Raw Data","Government ministries, Cities, Advocacy organizations/NGOs, Academic, General public"
Climate Equity Reference Calculator,Yes,https://calculator.climateequityreference.org/,"Climate Equity Reference Project (CERP), EcoEquity, Stockholm Environment Institute ",2015,No,The Calculator lets users specify their own interpretation of national responsibility and capability for climate action to determine each country’s implied fair share of the global mitigation effort.,"Equity, Mitigation,","Country, Regional, Global",All,"Interactive Charts, Raw Data","Government ministries, Advocacy organizations/NGOs"
Climate Funds Update,Yes,https://climatefundsupdate.org/,"The Heinrich Böll Foundation, ODI",2010,No,Web portal that provides information and data on the growing number of multilateral climate finance initiatives designed to help developing countries address the challenges of climate change.,Finance,"Regional, Country, Business, Non-state actor",Various,"Interactive Charts, Raw Data, Interactive Maps","Government ministries, Investors, Corporate, Advocacy organizations/NGOs"
Climate Finance Landscape,Yes,https://www.climatepolicyinitiative.org/publication/global-landscape-of-climate-finance-2021/,Climate Policy Initiative,2009,No,The Climate Finance Landscape provides the most comprehensive overview of global climate-related primary investment.,"Finance, Energy","Global, Regions, Business, Country","United States, Western Europe, Middle East, Canada, Sub-Saharan Africa, North Africa, South Asia, Central Asia, Latin America, Caribbean, Pacific, East Asia, South Asia, Eastern Europe","Report (Static), Raw Data","Government ministries, Corporate, Investors, Investors"
Climate Impact Explorer,Yes,https://climate-impact-explorer.climateanalytics.org/,Climate Analytics,2008,No,"This tool projects the severity of climate change impacts over time in continents, countries and provinces at different levels of warming, starting with 1.5°C.",Impacts,"Global, Regional, Country",Various,"Interactive Charts, Interactive Maps, Raw Data","Government ministries, Cities, Advocacy organizations/NGOs, Academic, General public"
Climate Initiatives Platform (CIP),Yes,https://climateinitiativesplatform.org/index.php/Welcome,"UN Environment, UNEP DTU",2016,No,"This portal collects, tracks, and shares information on international cooperative climate initiatives driven by non-state actors such as businesses and cities, often with support from national states.",Adaptation,"Global, Regional, Country, Business",Various,Resource aggregator,"Government ministries, Cities, Corporate, Advocacy organizations/NGOs, General public"
Climate Policy Database,Yes,https://climatepolicydatabase.org/,"NewClimate Institute,  PBL Netherlands Environmental Assessment Agency, Wageningen University and Research",2019,No,This database collects information on climate mitigation policies and creates a comprehensive policy package to mitigate the effects of climate change.,Policy,"Global, Regional, Countries",Various,"Resource aggregator, Report",Government ministries
Climate Policy Tracker,Yes,https://climatepolicytracker.org/,"We Mean Business, Business for Social Responsibility (BSR)",2017,No,"Tool that provides business with up-to-date information on climate laws and regulation, enabling users to search for climate regulations based on industry or geography. ",Policy,"Country, Business","Argentina, Australia, Brazil, Canada, China, Egypt, European Union, France, Germany, India, Indonesia, Japan, Mexico, Norway, Saudi Arabia, South Africa, South Korea, Thailand, United Kingdom, United States",Resource aggregator,"Government ministries, Corporate, Investors, Advocacy organizations/NGOs"
EarthTime,Yes,https://earthtime.org/explore,"Community Robotics Education and Technology Empowerment Lab (CREATE Lab), World Economic Forum",2015,No,EarthTime enables users to interact with compelling animations accompanied by fact-based narratives from international experts over different periods of time. ,Impacts,"Global, Regional, Country, State, Geospatial data",All,Interactive Maps,"Government ministries, Cities, Corporate, Media/journalists, Advocacy organizations/NGOs, Investors, Academic, General public"
Global Climate Dashboard,Yes,https://www.climate.gov/,National Oceanic and Atmospheric Administration (NOAA),2010,No,This site features a variety of tools to track climate change and natural variability over time.,"Impacts, Adaptation","Global, Regional, Country, State","All, United States","Interactive Charts, Interactive Maps, Raw Data, Resource aggregator","Government ministries, Cities, Corporate, Advocacy organizations/NGOs, Academic, General public"
Data.gov - Climate,Yes,https://data.gov/climate/,Office of Management and Budget (OMB) of the United States Government,2003,No,"Collection of raw data and resources related to coastal flooding, food resilience, water, ecosystem vulnerability, human health, energy infrastructure, transportation, and the Arctic region. ","Impacts, Adaptation","Regional, Country, State","United States, Arctic, Alaska, Greenland","Raw Data, Report, Resource aggregator","Cities, Government ministries, Advocacy organizations/NGOs"
EDGAR,Yes,https://edgar.jrc.ec.europa.eu/,United Nations Framework Convention on Climate Change (UNFCCC),1970,No,EDGAR provides global past and present day anthropogenic emissions of greenhouse gases and air pollutants by country and on a spatial grid. ,Mitigation,"Global, Country, Regional",All,"Interactive Maps, Interactive Charts, Report, Raw data","Government ministries, Cities, Academic"
EIA,Yes,https://www.eia.gov/,U.S. Energy Information Administration (EIA),1978,No,"EIA collects and analyzes data covering energy production, stocks, demand, and prices and prepares reports on its interaction with the economy and the environment.",Energy,"Country, Regional, State, Asset-level",Various,"Interactive Maps, Interactive Charts, Raw Data, Report","Government ministries, Cities, Corporate, General public"
33 Open Satelite-Based Earth Monitoring Tools,Yes,https://www.earthobservations.org/documents/articles_ext/GHG%20Monitoring%20from%20Space_report%20final_Nov2021.pdf,"Group on Earth Observations (GEO), Climate TRACE, World Geospatial Industry Council (WGIC)",2021,Yes,"This report maps different tools that provide access to public, private, and hybrid satellite missions.",Mitigation,"Global, Geospatial data",All,Report,"Government ministries, Academic, Advocacy organizations/NGOs, General Public"
Climate Trace,Yes,https://places.climatetrace.org/,"Climate TRACE (Tracking Real-time Atmospheric Carbon Emissions) Coalition, Blue Sky Analytics, CarbonPlan, Earthrise Alliance, Hudson, Carbon, Hypervine, Johns Hopkins University Applied Physics Laboratory, OceanMind, RMI, TransitionZero, WattTime, former U.S. Vice President Al Gore",2021,No,Climate TRACE is harnessing satellites and artificial intelligence to advance emissions monitoring through direct observation and open data.,Mitigation,"Global, Regional, National/Country, Non-state actor, State, City, Geospatial data, Asset-level, Business",All,"Report, Interactive Maps, Interactive Charts, Raw Data","Government ministries, Academic, Advocacy organizations/NGOs, Corporate, General Public"
Climate Transparency,Yes,https://www.climate-transparency.org/,"Federal Ministry for the Environment, Nature Conservation and Nuclear Safety (BMU) through the International Climate Initiative, the ClimateWorks Foundation, the World Bank Group and the Federal Foreign Office.",2014,No,The Climate Transparency Report covers easy-to-use information on all major areas such as mitigation and climate finance and includes detailed fact sheets on all G20 countries.,"Adaptation, Policy","Country, Regional","Argentina, Brazil, Canada, Mexico, The United States, European Union, France, Germany, Italy, Russia, The United Kingdom, Turkey, Saudi Arabia, South Africa, Australia, China, India, Indonesia, Japan, South Korea, Bangladesh, Colombia, Nepal, Nigeria, Pakistan, Philippines, Vietnam",Report,Government ministries
ClimateScope,Yes,https://global-climatescope.org/,BloombergNEF (BNEF),2011,No,"Climatescope is a unique market assessment, interactive report and index that evaluates the conditions for energy transition investment globally.","Energy, Finance, Adaptation","Global, Country, Regional",All,"Report, Interactive Charts","Government ministries, Corporate, Investors"
Climate Watch,Yes,https://www.climatewatchdata.org/,World Resources Institute,2016,No,"Climate Watch provides open climate data, visualizations and resources to give users insights on national and global progress on climate change.","Miigation, Adaptation","Global, Regional, Country",All,"Report, Interactive Charts, Interactive Maps, Raw data","Government ministries, Cities, Corporate, Media/journalists, Advocacy organizations/NGOs, Investors, Academic, General public"
En-ROADS,Yes,https://www.climateinteractive.org/en-roads/,Climate Interactive,2005,No,"En-ROADS is an online simulator that provides policymakers, educators, businesses, the media, and the public with the ability to test and explore cross-sector climate solutions.",Impact,Global,All,"Interactive Charts, Raw Data","Government ministries, Cities, Corporate, Media/journalists, Advocacy organizations/NGOs, Investors,Academic, General public"
Environmental Performance Index (EPI),Yes,https://epi.yale.edu/,"Environmental Performance Index (EPI), Yale Center for Environmental Law & Policy, The Center for International Earth Science Information Network (CIESIN)",2006,No,"Using 40 performance indicators across 11 issue categories, the EPI ranks 180 countries on climate change performance, environmental health, and ecosystem vitality.","Report, Resource aggregator, Raw Data, Interactive Charts, Interactive Maps","Regional, Country",All,"Interactive Charts, Interactive Maps, Raw Data","Government ministries, Advocacy organizations/NGOs, Academic, General public"
Emissions Trading Systems,Yes,https://icapcarbonaction.com/en/ets,International Carbon Action Partnership (ICAP),2021,No,The ETS is an interactive map that features downloadable factsheets and gives granular information on individual emissions trading scheme aspects.,"Policy, Mitigation","Regional, Country, State","Arizona, Australia, British Columbia, California, Denmark, European Union, France, Germany, Greece, Ireland, Italy, Maine, Manitoba, Maryland, Massachusetts, Netherlands, New Jersey, New Mexico, New York, New Zealand, Norway, Nova Scotia, Ontario, Oregon, Portugal, Québec, Spain, Sweden, Switzerland, Tokyo, Vermont, United Kingdom, Washington, Canada, Japan, Kazahkstan, South Korea, Mexico, Singapore, Ukraine","Interactive Maps, Report, Interactive Charts, Raw Data","Government ministries, Cities, Corporate"
FAOSTAT,Yes,https://www.fao.org/faostat/,Food and Agriculture Organization (FAO) ,1986,No,FAOSTAT provides free access to food and agriculture data for over 245 countries and territories and covers all FAO regional groupings from 1961 to the most recent year available.,Forest & Agriculture,Country,All,"Raw Data, Interactive Charts","Government ministries, Cities, Advocacy organizations/NGOs"
Global Forest Watch (GFW),Yes,https://www.globalforestwatch.org/,"Global Forest Watch (GFW), World Resources Institute (WRI)",2014,No,Global Forest Watch (GFW) is an online platform that allows anyone to access near real-time information about where and how forests are changing around the world.,Forest & Agriculture,"Global, Country, City, Geospatial data",All,"Interactive Charts, Interactive Maps, Report, Raw Data","Government ministries, Cities, Corporate, Media/journalists, Advocacy organizations/NGOs, Academic, General public, Investors"
Global Carbon Atlas,Yes,http://www.globalcarbonatlas.org/,Global Carbon Project (GCP) ,2001,No,A platform where users can explore and visualize the most up-to-date data on carbon fluxes resulting from human activities and natural processes.,"Mitigation, Energy","Country, City",All,"Interactive Charts, Interactive Maps, Report, Raw Data","Government ministries, Corporate, Academic, Investors"
Global Energy Trackers,Yes,https://globalenergymonitor.org/projects/,Global Energy Monitor (GEM),2014,No,"Global Energy Monitor studies the evolving international energy landscape by creating databases, reports, and interactive tools that enhance understanding.",Energy,"Global, Regional, Country, State, Asset-level",All,"Interactive Maps, Raw Data, Report","Advocacy organizations/NGOs, Academic, Government ministries, Media/journalists, Corporate, Investors"
Global Climate Action Portal,Yes,https://climateaction.unfccc.int/,"UN Climate Change (Peru), UN Climate Change (France), United Nations Framework Convention on Climate Change (UNFCCC)",2014,No,Online platform where actors from around the globe can display their commitments to act on climate change.,Adaptation,"Country, Regional, City, Business",All,"Interactive Maps, Report","Government ministries, Cities, Corporate, Advocacy organizations/NGOs, Investors, General public"
Green Climate Fund Data Library,Yes,https://www.greenclimate.fund/projects/dashboard,Green Climate Fund,2013,No,The data provided by the GCF platform helps visualize the financial response to climate change that has been invested on low-emission and climate-resilient development.,"Finance, Equity","Region, Country, Non-state actor",Various,"Report, Raw Data","Government ministries, Corporate, Advocacy organizations/NGOs, Investors"
I2AM PARIS,Yes,https://www.i2am-paris.eu/,Horizon 2020 Research and Innovation Programme (H2020),2019,Yes,"I2AM PARIS is an open-access, data platform hosting detailed documentation, inputs, and outputs of modelling tools and exercises for all audiences.","Energy, Mitigation","Global, Region, Country",All,"Interactive Charts, Raw Data, Resource aggregator","Government ministries, Cities, Corporate, Investors"
IMF Climate Dashboard,Yes,https://climatedata.imf.org/,"International Monetary Fund (IMF), Organisation for Economic Co-operation and Development (OECD), World Bank Group (WBG), United Nations (UN), European Commission, European Statistical Office (Eurostat), Food and Agriculture Organization (FAO), International Energy Agency (IEA), National Oceanic and Atmospheric Administration (NOAA)",2021,No,"Comprehensive aggregator for statistical indicators on climate change, greenhouse gas emissions, trade in environmental goods, green finance, government policies, and more. ","Finance, Energy, Mitigation","Global, Country",All,"Interactive Charts, Interactive Maps, Raw Data, Report ","Government ministries, Corporate, Investors"
Initiative for Climate Action Activity (ICAT),Yes,https://climateactiontransparency.org/,"ICAT, United Nations Office for Project Services (UNOPS)",2019,No,ICAT provides countries with support and practical tools and methodologies to build the transparency frameworks needed for effective climate action on national development priorities.,"Adaptation, Policy","Global, Regional, Country",Various,Interactive Maps,Government ministries
IPCC AR6,Yes,https://www.ipcc.ch/assessment-report/ar6/,Intergovernmental Panel on Climate Change (IPCC) ,1988,No,"The IPCC reports provide a comprehensive summary of what is known about the drivers of climate change, its impacts and future risks, and how adaptation and mitigation can reduce those risks.","Impacts, Adaptation",Global,All,Report,Government ministries
NDC Explorer,Yes,https://klimalog.idos-research.de/ndc/,Deutsches Institut für Entwicklungspolitik (DIE),2020,No,The NDC Explorer is an online tool to analyse and compare countries' (Intended) Nationally Determined Contributions (INDCs/NDCs).,"Finance, Adaptation",Country,Various,Interactive Maps,Government ministries
Local Sea Level Rise,Yes,http://localslr.climateanalytics.org/,Climate Analytics,2008,No,This website allows you to browse through local sea-level projections for different global warming trajectories.,Impacts,"Country,  Geospatial data",All,"Interactive Maps, Interactive Charts, Resource aggregator","Government ministries, Cities, Corporate, Media/journalists, Advocacy organizations/NGOs, Investors, Academic, General public"
NDC Ambition Explorer,Yes,https://tools.climateanalytics.org/ndc-ambition-tool-rbf/tool/,Climate Analytics,2008,No,The NDC Ambition Explorer allows users to see the gap between big emitters' 2030 climate targets and where they need to be to stay below 1.5 degrees of temperature change.,Impacts,"Country, Regional","European Union, United Kingdom, China, United States, India, Brazil, South Africa, Russia, Indonesia, Japan, Australia, Canada, Asia, Latin America, Middle East",Interactive Charts,"Government ministries, Advocacy organizations/NGOs, General public"
Net Zero Tracker,Yes,https://zerotracker.net/,"Energy & Climate Intelligence Unit (ECIU), Data-Driven EnviroLab (DDL), NewClimate Institute, Oxford Net Zero",2021,Yes,"A definitive global resource for collating, assessing and presenting the scale and quality of net zero pledges across nationals, sub-nationals, companies and other entities.",Policy,"Regional, National/Country, Non-state actor, City, Business",All,"Raw Data, Report, Interactive Maps","Government ministries, Cities, Corporate, Investors"
IEA,Yes,https://www.iea.org/data-and-statistics,International Energy Agency (IEA),1974,No,"The IEA collects, assesses and disseminates energy statistics on supply and demand to provide the world’s most authoritative and comprehensive source of global energy data.",Energy,"Regional, Country, Asset-level",Various,"Raw Data, Report, Interactive Charts","Government ministries, Cities, Corporate, Investors"
IRENA,Yes,https://www.irena.org/publications/2020/Nov/Global-Landscape-of-Renewable-Energy-Finance-2020,International Renewable Energy Agency (IRENA),2011,No,IRENA promotes renewable resources and technologies as the key to a sustainable future and helps countries achieve their renewable energy potential.,Energy,"Global, Regional, Country, Geospatial data",All,"Interactive Maps, Raw Data, Report","Government ministries, Cities, Corporate"
NGFS Scenarios Portal,Yes,https://data.ene.iiasa.ac.at/ngfs/#/workspaces,International Institue for Applied Systems Analysis,2022,No,A web-based user interface for transition scenario results with intuitive visualizations & display of timeseries data and download of the data in multiple formats. ,Finance,"Global, Regional","All, Various","Interactive Charts, Raw Data",Corporate
Paris Equity Check,Yes,http://paris-equity-check.org/multi-equity-map.html,"Climate Energy College, University of Melbourne",2015,No,Maps showing countries pledges and the effect of their pledge on global warming,"Impacts, Mitigation, Policy","Global, National Country",All,Interactive Maps,"Government minstries, Academic"
PBL Climate Pledge Tool,Yes,https://themasites.pbl.nl/o/climate-ndc-policies-tool/,PBL Netherlands Environmental Assessment Agency,2017,No,This tool shows the targets in these Nationally Determined Contributions and pledges made earlier for 2020. This tool compares targets for the 26 emitting parties with greenhouse gas emission projections up to 2030,"Mitigation, Policy","Global, National Country",All,"Interactive Maps, Interactive Charts, Raw Data",General Public
PBL Global Stocktake Tool,Yes,https://themasites.pbl.nl/o/global-stocktake-indicators/#home,PBL Netherlands Environmental Assessment Agency,2020,No,"The Global Stocktake tool presents several indicators to track progress in implementing the Paris Climate Agreement.The indicators presented here are based on model-based scenarios that compare the action needed to meet the overall objectives, with the action promised by individual countries (reported via the Nationally Determined Contributions (NDC) and the actual implemented policies (based on a database of currently implemented policies). The stocktake tool intends to allow a wide range of interested parties to assess progress.","Policy, Mitigation","Global, National Country, Regional","All, Various",Interactive Maps,"Government ministries, General Public, Advocacy Organizations"
Paris Reality Check,Yes,https://www.pik-potsdam.de/paris-reality-check/,Potsdam Institute for Climate Impact Research (PIK),2020,No,"This site lists various tools and datasets that allow you to see things like emissions data, impacts on coral/sea-level, equity assessments. ETC","Impacts, Policy, Mitigation","Global, Regional",Various,"Interactive Charts, Raw Data, Interactive Maps, Resource Aggregator","Government ministries, general Public, Advocacy Organizations"
Regulatory Indicators for Sustainable Energy (RISE),Yes,https://rise.esmap.org/,The World Bank Group,2020,No,"A set of indicators to help compare national policy and regulatory frameworks for sustainable energy. . It assesses countries’ policy and regulatory support for each of the 
four pillars of sustainable energy—access to electricity, access to 
clean cooking (for 55 access-deficit countries), energy efficiency, and 
renewable energy.","Policy, Mitigation","Global, National Country",All,"Interactive Maps, Interactive Charts, Raw Data, Resource Aggregation","Government ministries, Cities, Corporate, Media/journalists, Advocacy organizations/NGOs, Investors, Academic, General public"
IRI Climate and Society Map Room,Yes,http://iridl.ldeo.columbia.edu/maproom/,"Climate Program Office NOAA, The Earth Institute Columbia University",2004,No,The climate and society maproom is a collection of maps and other figures that monitor climate and societal conditions at present and in the recent past.,"Impacts, Equity","Global, Country, Geospatial data",All,"Interactive Maps, Interactive Charts, Raw Data","Government ministries, Cities, Media/journalists, Advocacy organizations/NGOs, General public"
OpenEI,Yes,https://openei.org/wiki/Main_Page,National Renewable Energy Laboratory (NREL),1991,No,"The OpenEI is an open platform providing the most current information needed to make informed decisions on energy, market investment, and technology development.",Energy,"Global, Non-state actor, Business, Asset-level",Various,"Raw Data, Report, Resource aggregator","Government ministries, Cities, Corporate, Media/journalists, Advocacy organizations/NGOs], Investors, Academic,"
PREPdata,Yes,https://prepdata.org/explore,Partnership for Resilience and Preparedness (PREP) ,2016,No,The platform promotes communication between data users and producers and makes high-priority data available through a map-based platform.,"Equity, Adaptation, Impacts","Global, Country, State, City",All,"Interactive Charts, Interactive Maps, Report","Government ministries, State, City"
Ren 21 Renewables Now,Yes,https://www.ren21.net/about-us/who-we-are/,REN 21,2004,No,"REN 21 provides annual reports with facts, figures, peer-reviewd analysis of global developments in technologies, policies, and markets to decision makers. The goal is a transition to renewable energy!","Policy, Mitigation, Energy",Global,All,"Report (Static), Resource Aggregator","Government ministries, Cities, Corporate, Media/journalists, Advocacy organizations/NGOs, Investors, Academic, General public"
Global Calculator,Yes,https://mackaycarboncalculator.beis.gov.uk/overview/emissions-and-primary-energy-consumption/?levers=111111111111111111111111111111111111111111111aaabaaabaaabaaaaaaaaaaaabbabbbcbbaabcaabbaaaagggggggggggggeggggggggggiggiiiqgdgggggggggkgg,"Department for Business, Energy, and Industrial Strategy UK",2020,No,"The MacKay Carbon Calculator provides a model of the UK energy system that allows you to explore pathways to decarbonisation, including net zero by 2050.","Mitigation, Policy, Impact",Country,UK,"Interactive Charts, Raw Data","Government ministries, General Public, "
UNFCCC Climate Finance Data Portal,Yes,https://unfccc.int/climatefinance?home,United Nations Framework Convention on Climate Change ,2018,No,"The BR-DI allows the BR CTF data to be searched via user-defined queries within any of the sections listed in the navigation menu at the left. Within each section, multiple search options are available that allow users to refine queries by various criteria.",Finance,Global,Various,"Raw Data, Resource Aggregator","Governement Ministries, Corporate"
Voluntary REDD Database,No,https://www.fao.org/forestry/vrd/en/,Voluntary REDD Database,2010,No,"It aimed to improve transparency around REDD+ and support efforts to identify and analyse gaps and overlaps in REDD+ financing. The VRD is a key provider of information to the global community on REDD+ financing, actions and results, providing the ability to search and summarise data that is submitted and updated throughout the year by Partner countries and stakeholder institutions.","Finance, Government Ministries",N/A,N/A,N/A,N/A
Yale Climate Opinion Maps ,Yes,https://climatecommunication.yale.edu/visualizations-data/ycom-us/,Yale,2015,No,"These maps show how Americans’ climate change beliefs, risk perceptions, and policy support vary at the state, congressional district, metro area, and county levels.",Policy,Country,United States,Interactive Maps,"Policy, Government ministries"
RECAI 59,Yes,https://www.ey.com/en_us/recai/does-the-need-for-energy-security-challenge-the-quest-for-net-zero,EY Global Power & Utilities,2022,No,"This is a report covering topics like oil and gas, energy, resources, etc. Not a great source of raw data but a detailed read.",Finance,Country,Various,"Resource Aggregator, Interactive Charts","Corporate, Policy"
SBTI Progress Report,Yes,https://sciencebasedtargets.org/reports/sbti-progress-report-2021/progress-data-dashboard#datadashboard,Science Based Targets,2021,Yes,"Here you can find information about individual company progress, and access the full data sets used to produce the a report from the data from various companies in 2021","Finance, Policy",Country,Various,Report,"Policy, Corporate, Government Ministries"
The Senses Toolkit,Yes,https://climatescenarios.org/toolkit/,European Research Area for Climate Services,2017,No,This toolkit allows you to explore and understand climate change scenarios with various charts and visualizations,"Finance, Adaptation",Global,"Various, Global","Interactive Maps, Interactive charts, Resource Aggregator, Report","Corporate, Policy, General Public, Advocacy Groups"
Adaptation Gap Report,Yes,https://www.unep.org/resources/adaptation-gap-report-2020,UN Environment Programme,1972,No,"The fifth edition of the UNEP Adaptation Gap Report looks at progress in planning for, financing and implementing adaptation – with a focus on nature-based solutions.",Adaptation,Regional,Europe,Report,"Policy, Advocate Groups, Corporate, Government Ministries"
Emissions Gap Report,Yes,https://www.unep.org/events/publication-launch/emissions-gap-report-2021,UN Environment Programme,1972,No,The report provides an update of global emissions pathways and progress towards achieving national mitigation pledges and the Paris Agreement goals as well as the resulting ‘emissions gap’. ,Mitigation,Regional,Europe,Report,"Policy, Advocate Groups, Corporate, Government Ministries"
State of Climate Action toward 2030 and 2050,Yes,https://www.wri.org/research/state-climate-action-assessing-progress-toward-2030-and-2050,"World Resources Institute (WRI), ClimateWorks Foundation (CWF)",2020,Yes,Overview of climate action to date and global and country-level progress across six sectors that would limit global warming to 1.5 degrees Celsius (°C) and prevent its most dangerous impacts. ,Adaptation,"Global, Country, Regional",All,Report,"Government ministries, Corporate, Media/journalists, Advocacy organizations/NGOs, Investors"
weAdapt Adaptation Layer,Yes,https://www.weadapt.org/placemarks/maps,Stockholm Environment Institute (SEI).,2007,No,weAdapt is a platform designed as a community of research and practice on adaptation issues and policy-relevant tools and guidance for adaptation planning and decision-making.,Adaptation,Country,All,"Interactive Maps, Resource aggregator, Interactive Charts, Report","Government ministries, Advocacy organizations/NGOs, Academic"